scene_name,url
传闻剧情,https://library-of-ruina.fandom.com/zh/wiki/%E4%BC%A0%E9%97%BB%E5%89%A7%E6%83%85
都市怪谈剧情,https://library-of-ruina.fandom.com/zh/wiki/%E9%83%BD%E5%B8%82%E6%80%AA%E8%B0%88%E5%89%A7%E6%83%85
都市传说剧情,https://library-of-ruina.fandom.com/zh/wiki/%E9%83%BD%E5%B8%82%E4%BC%A0%E8%AF%B4%E5%89%A7%E6%83%85
都市恶疾剧情,https://library-of-ruina.fandom.com/zh/wiki/%E9%83%BD%E5%B8%82%E6%81%B6%E7%96%BE%E5%89%A7%E6%83%85
都市梦魇剧情,https://library-of-ruina.fandom.com/zh/wiki/%E9%83%BD%E5%B8%82%E6%A2%A6%E9%AD%87%E5%89%A7%E6%83%85
都市之星剧情,https://library-of-ruina.fandom.com/zh/wiki/%E9%83%BD%E5%B8%82%E4%B9%8B%E6%98%9F%E5%89%A7%E6%83%85
杂质剧情,https://library-of-ruina.fandom.com/zh/wiki/%E6%9D%82%E8%B4%A8%E5%89%A7%E6%83%85
传闻,https://library-of-ruina.fandom.com/zh/wiki/%E4%BC%A0%E9%97%BB
耗子剧情,https://library-of-ruina.fandom.com/zh/wiki/%E8%80%97%E5%AD%90/%E5%89%A7%E6%83%85
潤事务所剧情,https://library-of-ruina.fandom.com/zh/wiki/%E6%BD%A4%E4%BA%8B%E5%8A%A1%E6%89%80/%E5%89%A7%E6%83%85
钢铁兄弟会剧情,https://library-of-ruina.fandom.com/zh/wiki/%E9%92%A2%E9%93%81%E5%85%84%E5%BC%9F%E4%BC%9A/%E5%89%A7%E6%83%85
吊钩事务所剧情,https://library-of-ruina.fandom.com/zh/wiki/%E5%90%8A%E9%92%A9%E4%BA%8B%E5%8A%A1%E6%89%80/%E5%89%A7%E6%83%85
都市怪谈,https://library-of-ruina.fandom.com/zh/wiki/%E9%83%BD%E5%B8%82%E6%80%AA%E8%B0%88
皮埃尔的大肉派剧情,https://library-of-ruina.fandom.com/zh/wiki/%E7%9A%AE%E5%9F%83%E5%B0%94%E7%9A%84%E5%A4%A7%E8%82%89%E6%B4%BE/%E5%89%A7%E6%83%85
街灯事务所剧情,https://library-of-ruina.fandom.com/zh/wiki/%E8%A1%97%E7%81%AF%E4%BA%8B%E5%8A%A1%E6%89%80/%E5%89%A7%E6%83%85
都市传说,https://library-of-ruina.fandom.com/zh/wiki/%E9%83%BD%E5%B8%82%E4%BC%A0%E8%AF%B4
Zwei协会剧情,https://library-of-ruina.fandom.com/zh/wiki/Zwei%E5%8D%8F%E4%BC%9A/%E5%89%A7%E6%83%85
丧家犬剧情,https://library-of-ruina.fandom.com/zh/wiki/%E4%B8%A7%E5%AE%B6%E7%8A%AC/%E5%89%A7%E6%83%85
臼齿事务所剧情,https://library-of-ruina.fandom.com/zh/wiki/%E8%87%BC%E9%BD%BF%E4%BA%8B%E5%8A%A1%E6%89%80/%E5%89%A7%E6%83%85
都市恶疾,https://library-of-ruina.fandom.com/zh/wiki/%E9%83%BD%E5%B8%82%E6%81%B6%E7%96%BE
谢肉祭剧情,https://library-of-ruina.fandom.com/zh/wiki/%E8%B0%A2%E8%82%89%E7%A5%AD/%E5%89%A7%E6%83%85
句点事务所剧情,https://library-of-ruina.fandom.com/zh/wiki/%E5%8F%A5%E7%82%B9%E4%BA%8B%E5%8A%A1%E6%89%80/%E5%89%A7%E6%83%85
黎明事务所剧情,https://library-of-ruina.fandom.com/zh/wiki/%E9%BB%8E%E6%98%8E%E4%BA%8B%E5%8A%A1%E6%89%80/%E5%89%A7%E6%83%85
视线事务所剧情,https://library-of-ruina.fandom.com/zh/wiki/%E8%A7%86%E7%BA%BF%E4%BA%8B%E5%8A%A1%E6%89%80/%E5%89%A7%E6%83%85
黑云会剧情,https://library-of-ruina.fandom.com/zh/wiki/%E9%BB%91%E4%BA%91%E4%BC%9A/%E5%89%A7%E6%83%85
不来梅乐队 (都市恶疾)剧情,https://library-of-ruina.fandom.com/zh/wiki/%E4%B8%8D%E6%9D%A5%E6%A2%85%E4%B9%90%E9%98%9F_(%E9%83%BD%E5%B8%82%E6%81%B6%E7%96%BE)/%E5%89%A7%E6%83%85
楔子事务所剧情,https://library-of-ruina.fandom.com/zh/wiki/%E6%A5%94%E5%AD%90%E4%BA%8B%E5%8A%A1%E6%89%80/%E5%89%A7%E6%83%85
汤吗丽 (接待)剧情,https://library-of-ruina.fandom.com/zh/wiki/%E6%B1%A4%E5%90%97%E4%B8%BD_(%E6%8E%A5%E5%BE%85)/%E5%89%A7%E6%83%85
都市梦魇,https://library-of-ruina.fandom.com/zh/wiki/%E9%83%BD%E5%B8%82%E6%A2%A6%E9%AD%87
清道夫 (接待)剧情,https://library-of-ruina.fandom.com/zh/wiki/%E6%B8%85%E9%81%93%E5%A4%AB_(%E6%8E%A5%E5%BE%85)/%E5%89%A7%E6%83%85
し协会剧情,https://library-of-ruina.fandom.com/zh/wiki/%E3%81%97%E5%8D%8F%E4%BC%9A/%E5%89%A7%E6%83%85
8点档马戏团 (都市梦魇)剧情,https://library-of-ruina.fandom.com/zh/wiki/8%E7%82%B9%E6%A1%A3%E9%A9%AC%E6%88%8F%E5%9B%A2_(%E9%83%BD%E5%B8%82%E6%A2%A6%E9%AD%87)/%E5%89%A7%E6%83%85
牵丝傀儡戏剧情,https://library-of-ruina.fandom.com/zh/wiki/%E7%89%B5%E4%B8%9D%E5%82%80%E5%84%A1%E6%88%8F/%E5%89%A7%E6%83%85
食指苦行者 (接待)剧情,https://library-of-ruina.fandom.com/zh/wiki/%E9%A3%9F%E6%8C%87%E8%8B%A6%E8%A1%8C%E8%80%85_(%E6%8E%A5%E5%BE%85)/%E5%89%A7%E6%83%85
笑面 (接待)剧情,https://library-of-ruina.fandom.com/zh/wiki/%E7%AC%91%E9%9D%A2_(%E6%8E%A5%E5%BE%85)/%E5%89%A7%E6%83%85
哭泣之子 (都市梦魇)剧情,https://library-of-ruina.fandom.com/zh/wiki/%E5%93%AD%E6%B3%A3%E4%B9%8B%E5%AD%90_(%E9%83%BD%E5%B8%82%E6%A2%A6%E9%AD%87)/%E5%89%A7%E6%83%85
WARP清扫小组剧情,https://library-of-ruina.fandom.com/zh/wiki/WARP%E6%B8%85%E6%89%AB%E5%B0%8F%E7%BB%84/%E5%89%A7%E6%83%85
都市之星,https://library-of-ruina.fandom.com/zh/wiki/%E9%83%BD%E5%B8%82%E4%B9%8B%E6%98%9F
拇指剧情,https://library-of-ruina.fandom.com/zh/wiki/%E6%8B%87%E6%8C%87/%E5%89%A7%E6%83%85
苍蓝残响 (都市之星)剧情,https://library-of-ruina.fandom.com/zh/wiki/%E8%8B%8D%E8%93%9D%E6%AE%8B%E5%93%8D_(%E9%83%BD%E5%B8%82%E4%B9%8B%E6%98%9F)/%E5%89%A7%E6%83%85
六协会2科剧情,https://library-of-ruina.fandom.com/zh/wiki/%E5%85%AD%E5%8D%8F%E4%BC%9A2%E7%A7%91/%E5%89%A7%E6%83%85
拐杖事务所剧情,https://library-of-ruina.fandom.com/zh/wiki/%E6%8B%90%E6%9D%96%E4%BA%8B%E5%8A%A1%E6%89%80/%E5%89%A7%E6%83%85
食指剧情,https://library-of-ruina.fandom.com/zh/wiki/%E9%A3%9F%E6%8C%87/%E5%89%A7%E6%83%85
殷红迷雾 (接待)剧情,https://library-of-ruina.fandom.com/zh/wiki/%E6%AE%B7%E7%BA%A2%E8%BF%B7%E9%9B%BE_(%E6%8E%A5%E5%BE%85)/%E5%89%A7%E6%83%85
六协会1科剧情,https://library-of-ruina.fandom.com/zh/wiki/%E5%85%AD%E5%8D%8F%E4%BC%9A1%E7%A7%91/%E5%89%A7%E6%83%85
R公司第4集团军 (第1战)剧情,https://library-of-ruina.fandom.com/zh/wiki/R%E5%85%AC%E5%8F%B8%E7%AC%AC4%E9%9B%86%E5%9B%A2%E5%86%9B_(%E7%AC%AC1%E6%88%98)/%E5%89%A7%E6%83%85
Rnfmabj (接待)剧情,https://library-of-ruina.fandom.com/zh/wiki/Rnfmabj_(%E6%8E%A5%E5%BE%85)/%E5%89%A7%E6%83%85
堇紫泪滴 (接待)剧情,https://library-of-ruina.fandom.com/zh/wiki/%E5%A0%87%E7%B4%AB%E6%B3%AA%E6%BB%B4_(%E6%8E%A5%E5%BE%85)/%E5%89%A7%E6%83%85
邵 (接待)剧情,https://library-of-ruina.fandom.com/zh/wiki/%E9%82%B5_(%E6%8E%A5%E5%BE%85)/%E5%89%A7%E6%83%85
R公司第4集团军 (第2战)剧情,https://library-of-ruina.fandom.com/zh/wiki/R%E5%85%AC%E5%8F%B8%E7%AC%AC4%E9%9B%86%E5%9B%A2%E5%86%9B_(%E7%AC%AC2%E6%88%98)/%E5%89%A7%E6%83%85
Rnfmabj剧情,https://library-of-ruina.fandom.com/zh/wiki/Rnfmabj%E5%89%A7%E6%83%85
堇紫泪滴剧情,https://library-of-ruina.fandom.com/zh/wiki/%E5%A0%87%E7%B4%AB%E6%B3%AA%E6%BB%B4%E5%89%A7%E6%83%85
邵剧情,https://library-of-ruina.fandom.com/zh/wiki/%E9%82%B5%E5%89%A7%E6%83%85
杂质,https://library-of-ruina.fandom.com/zh/wiki/%E6%9D%82%E8%B4%A8
하나协会剧情,https://library-of-ruina.fandom.com/zh/wiki/%ED%95%98%EB%82%98%E5%8D%8F%E4%BC%9A/%E5%89%A7%E6%83%85
残响乐团剧情,https://library-of-ruina.fandom.com/zh/wiki/%E6%AE%8B%E5%93%8D%E4%B9%90%E5%9B%A2/%E5%89%A7%E6%83%85
漆黑噤默 (接待)剧情,https://library-of-ruina.fandom.com/zh/wiki/%E6%BC%86%E9%BB%91%E5%99%A4%E9%BB%98_(%E6%8E%A5%E5%BE%85)/%E5%89%A7%E6%83%85
扭曲残响乐团剧情,https://library-of-ruina.fandom.com/zh/wiki/%E6%89%AD%E6%9B%B2%E6%AE%8B%E5%93%8D%E4%B9%90%E5%9B%A2/%E5%89%A7%E6%83%85
最终接待剧情,https://library-of-ruina.fandom.com/zh/wiki/%E6%9C%80%E7%BB%88%E6%8E%A5%E5%BE%85/%E5%89%A7%E6%83%85
残响乐团,https://library-of-ruina.fandom.com/zh/wiki/%E6%AE%8B%E5%93%8D%E4%B9%90%E5%9B%A2
哭泣之子 (残响乐团)剧情,https://library-of-ruina.fandom.com/zh/wiki/%E5%93%AD%E6%B3%A3%E4%B9%8B%E5%AD%90_(%E6%AE%8B%E5%93%8D%E4%B9%90%E5%9B%A2)/%E5%89%A7%E6%83%85
齿轮教团 (残响乐团)剧情,https://library-of-ruina.fandom.com/zh/wiki/%E9%BD%BF%E8%BD%AE%E6%95%99%E5%9B%A2_(%E6%AE%8B%E5%93%8D%E4%B9%90%E5%9B%A2)/%E5%89%A7%E6%83%85
8大主厨 (残响乐团)剧情,https://library-of-ruina.fandom.com/zh/wiki/8%E5%A4%A7%E4%B8%BB%E5%8E%A8_(%E6%AE%8B%E5%93%8D%E4%B9%90%E5%9B%A2)/%E5%89%A7%E6%83%85
不来梅乐队 (残响乐团)剧情,https://library-of-ruina.fandom.com/zh/wiki/%E4%B8%8D%E6%9D%A5%E6%A2%85%E4%B9%90%E9%98%9F_(%E6%AE%8B%E5%93%8D%E4%B9%90%E5%9B%A2)/%E5%89%A7%E6%83%85
8点档马戏团 (残响乐团)剧情,https://library-of-ruina.fandom.com/zh/wiki/8%E7%82%B9%E6%A1%A3%E9%A9%AC%E6%88%8F%E5%9B%A2_(%E6%AE%8B%E5%93%8D%E4%B9%90%E5%9B%A2)/%E5%89%A7%E6%83%85
狼之时刻 (残响乐团)剧情,https://library-of-ruina.fandom.com/zh/wiki/%E7%8B%BC%E4%B9%8B%E6%97%B6%E5%88%BB_(%E6%AE%8B%E5%93%8D%E4%B9%90%E5%9B%A2)/%E5%89%A7%E6%83%85
傀儡师 (残响乐团)剧情,https://library-of-ruina.fandom.com/zh/wiki/%E5%82%80%E5%84%A1%E5%B8%88_(%E6%AE%8B%E5%93%8D%E4%B9%90%E5%9B%A2)/%E5%89%A7%E6%83%85
血红之夜 (残响乐团)剧情,https://library-of-ruina.fandom.com/zh/wiki/%E8%A1%80%E7%BA%A2%E4%B9%8B%E5%A4%9C_(%E6%AE%8B%E5%93%8D%E4%B9%90%E5%9B%A2)/%E5%89%A7%E6%83%85
昨日之约 (残响乐团)剧情,https://library-of-ruina.fandom.com/zh/wiki/%E6%98%A8%E6%97%A5%E4%B9%8B%E7%BA%A6_(%E6%AE%8B%E5%93%8D%E4%B9%90%E5%9B%A2)/%E5%89%A7%E6%83%85
苍蓝残响 (残响乐团)剧情,https://library-of-ruina.fandom.com/zh/wiki/%E8%8B%8D%E8%93%9D%E6%AE%8B%E5%93%8D_(%E6%AE%8B%E5%93%8D%E4%B9%90%E5%9B%A2)/%E5%89%A7%E6%83%85
历史层,https://library-of-ruina.fandom.com/zh/wiki/%E5%8E%86%E5%8F%B2%E5%B1%82
Malkuth情节Ⅰ,https://library-of-ruina.fandom.com/zh/wiki/Malkuth%E6%83%85%E8%8A%82%E2%85%A0
Malkuth情节Ⅱ,https://library-of-ruina.fandom.com/zh/wiki/Malkuth%E6%83%85%E8%8A%82%E2%85%A1
Malkuth情节Ⅲ,https://library-of-ruina.fandom.com/zh/wiki/Malkuth%E6%83%85%E8%8A%82%E2%85%A2
Malkuth情节Ⅳ,https://library-of-ruina.fandom.com/zh/wiki/Malkuth%E6%83%85%E8%8A%82%E2%85%A3
Malkuth情节Ⅴ,https://library-of-ruina.fandom.com/zh/wiki/Malkuth%E6%83%85%E8%8A%82%E2%85%A4
Malkuth情节Ⅵ,https://library-of-ruina.fandom.com/zh/wiki/Malkuth%E6%83%85%E8%8A%82%E2%85%A5
科技层,https://library-of-ruina.fandom.com/zh/wiki/%E7%A7%91%E6%8A%80%E5%B1%82
Yesod情节Ⅰ,https://library-of-ruina.fandom.com/zh/wiki/Yesod%E6%83%85%E8%8A%82%E2%85%A0
Yesod情节Ⅱ,https://library-of-ruina.fandom.com/zh/wiki/Yesod%E6%83%85%E8%8A%82%E2%85%A1
Yesod情节Ⅲ,https://library-of-ruina.fandom.com/zh/wiki/Yesod%E6%83%85%E8%8A%82%E2%85%A2
Yesod情节Ⅳ,https://library-of-ruina.fandom.com/zh/wiki/Yesod%E6%83%85%E8%8A%82%E2%85%A3
Yesod情节Ⅴ,https://library-of-ruina.fandom.com/zh/wiki/Yesod%E6%83%85%E8%8A%82%E2%85%A4
Yesod情节Ⅵ,https://library-of-ruina.fandom.com/zh/wiki/Yesod%E6%83%85%E8%8A%82%E2%85%A5
文学层,https://library-of-ruina.fandom.com/zh/wiki/%E6%96%87%E5%AD%A6%E5%B1%82
Hod情节Ⅰ,https://library-of-ruina.fandom.com/zh/wiki/Hod%E6%83%85%E8%8A%82%E2%85%A0
Hod情节Ⅱ,https://library-of-ruina.fandom.com/zh/wiki/Hod%E6%83%85%E8%8A%82%E2%85%A1
Hod情节Ⅲ,https://library-of-ruina.fandom.com/zh/wiki/Hod%E6%83%85%E8%8A%82%E2%85%A2
Hod情节Ⅳ,https://library-of-ruina.fandom.com/zh/wiki/Hod%E6%83%85%E8%8A%82%E2%85%A3
Hod情节Ⅴ,https://library-of-ruina.fandom.com/zh/wiki/Hod%E6%83%85%E8%8A%82%E2%85%A4
Hod情节Ⅵ,https://library-of-ruina.fandom.com/zh/wiki/Hod%E6%83%85%E8%8A%82%E2%85%A5
艺术层,https://library-of-ruina.fandom.com/zh/wiki/%E8%89%BA%E6%9C%AF%E5%B1%82
Netzach情节Ⅰ,https://library-of-ruina.fandom.com/zh/wiki/Netzach%E6%83%85%E8%8A%82%E2%85%A0
Netzach情节Ⅱ,https://library-of-ruina.fandom.com/zh/wiki/Netzach%E6%83%85%E8%8A%82%E2%85%A1
Netzach情节Ⅲ,https://library-of-ruina.fandom.com/zh/wiki/Netzach%E6%83%85%E8%8A%82%E2%85%A2
Netzach情节Ⅳ,https://library-of-ruina.fandom.com/zh/wiki/Netzach%E6%83%85%E8%8A%82%E2%85%A3
Netzach情节Ⅴ,https://library-of-ruina.fandom.com/zh/wiki/Netzach%E6%83%85%E8%8A%82%E2%85%A4
Netzach情节Ⅵ,https://library-of-ruina.fandom.com/zh/wiki/Netzach%E6%83%85%E8%8A%82%E2%85%A5
自然层,https://library-of-ruina.fandom.com/zh/wiki/%E8%87%AA%E7%84%B6%E5%B1%82
Tiphereth情节Ⅰ,https://library-of-ruina.fandom.com/zh/wiki/Tiphereth%E6%83%85%E8%8A%82%E2%85%A0
Tiphereth情节Ⅱ,https://library-of-ruina.fandom.com/zh/wiki/Tiphereth%E6%83%85%E8%8A%82%E2%85%A1
Tiphereth情节Ⅲ,https://library-of-ruina.fandom.com/zh/wiki/Tiphereth%E6%83%85%E8%8A%82%E2%85%A2
Tiphereth情节Ⅳ,https://library-of-ruina.fandom.com/zh/wiki/Tiphereth%E6%83%85%E8%8A%82%E2%85%A3
Tiphereth情节Ⅴ,https://library-of-ruina.fandom.com/zh/wiki/Tiphereth%E6%83%85%E8%8A%82%E2%85%A4
Tiphereth情节Ⅵ,https://library-of-ruina.fandom.com/zh/wiki/Tiphereth%E6%83%85%E8%8A%82%E2%85%A5
语言层,https://library-of-ruina.fandom.com/zh/wiki/%E8%AF%AD%E8%A8%80%E5%B1%82
Gebura情节Ⅰ,https://library-of-ruina.fandom.com/zh/wiki/Gebura%E6%83%85%E8%8A%82%E2%85%A0
Gebura情节Ⅱ,https://library-of-ruina.fandom.com/zh/wiki/Gebura%E6%83%85%E8%8A%82%E2%85%A1
Gebura情节Ⅲ,https://library-of-ruina.fandom.com/zh/wiki/Gebura%E6%83%85%E8%8A%82%E2%85%A2
Gebura情节Ⅳ,https://library-of-ruina.fandom.com/zh/wiki/Gebura%E6%83%85%E8%8A%82%E2%85%A3
Gebura情节Ⅴ,https://library-of-ruina.fandom.com/zh/wiki/Gebura%E6%83%85%E8%8A%82%E2%85%A4
Gebura情节Ⅵ,https://library-of-ruina.fandom.com/zh/wiki/Gebura%E6%83%85%E8%8A%82%E2%85%A5
社会层,https://library-of-ruina.fandom.com/zh/wiki/%E7%A4%BE%E4%BC%9A%E5%B1%82
Chesed情节Ⅰ,https://library-of-ruina.fandom.com/zh/wiki/Chesed%E6%83%85%E8%8A%82%E2%85%A0
Chesed情节Ⅱ,https://library-of-ruina.fandom.com/zh/wiki/Chesed%E6%83%85%E8%8A%82%E2%85%A1
Chesed情节Ⅲ,https://library-of-ruina.fandom.com/zh/wiki/Chesed%E6%83%85%E8%8A%82%E2%85%A2
Chesed情节Ⅳ,https://library-of-ruina.fandom.com/zh/wiki/Chesed%E6%83%85%E8%8A%82%E2%85%A3
Chesed情节Ⅴ,https://library-of-ruina.fandom.com/zh/wiki/Chesed%E6%83%85%E8%8A%82%E2%85%A4
Chesed情节Ⅵ,https://library-of-ruina.fandom.com/zh/wiki/Chesed%E6%83%85%E8%8A%82%E2%85%A5
哲学层,https://library-of-ruina.fandom.com/zh/wiki/%E5%93%B2%E5%AD%A6%E5%B1%82
Binah情节Ⅰ,https://library-of-ruina.fandom.com/zh/wiki/Binah%E6%83%85%E8%8A%82%E2%85%A0
Binah情节Ⅱ,https://library-of-ruina.fandom.com/zh/wiki/Binah%E6%83%85%E8%8A%82%E2%85%A1
Binah情节Ⅲ,https://library-of-ruina.fandom.com/zh/wiki/Binah%E6%83%85%E8%8A%82%E2%85%A2
Binah情节Ⅳ,https://library-of-ruina.fandom.com/zh/wiki/Binah%E6%83%85%E8%8A%82%E2%85%A3
Binah情节Ⅴ,https://library-of-ruina.fandom.com/zh/wiki/Binah%E6%83%85%E8%8A%82%E2%85%A4
Binah情节Ⅵ,https://library-of-ruina.fandom.com/zh/wiki/Binah%E6%83%85%E8%8A%82%E2%85%A5
宗教层,https://library-of-ruina.fandom.com/zh/wiki/%E5%AE%97%E6%95%99%E5%B1%82
Hokma情节Ⅰ,https://library-of-ruina.fandom.com/zh/wiki/Hokma%E6%83%85%E8%8A%82%E2%85%A0
Hokma情节Ⅱ,https://library-of-ruina.fandom.com/zh/wiki/Hokma%E6%83%85%E8%8A%82%E2%85%A1
Hokma情节Ⅲ,https://library-of-ruina.fandom.com/zh/wiki/Hokma%E6%83%85%E8%8A%82%E2%85%A2
Hokma情节Ⅳ,https://library-of-ruina.fandom.com/zh/wiki/Hokma%E6%83%85%E8%8A%82%E2%85%A3
Hokma情节Ⅴ,https://library-of-ruina.fandom.com/zh/wiki/Hokma%E6%83%85%E8%8A%82%E2%85%A4
Hokma情节Ⅵ,https://library-of-ruina.fandom.com/zh/wiki/Hokma%E6%83%85%E8%8A%82%E2%85%A5
总类层,https://library-of-ruina.fandom.com/zh/wiki/%E6%80%BB%E7%B1%BB%E5%B1%82
Keter情节Ⅰ,https://library-of-ruina.fandom.com/zh/wiki/Keter%E6%83%85%E8%8A%82%E2%85%A0
Keter情节Ⅱ,https://library-of-ruina.fandom.com/zh/wiki/Keter%E6%83%85%E8%8A%82%E2%85%A1
Keter情节Ⅲ,https://library-of-ruina.fandom.com/zh/wiki/Keter%E6%83%85%E8%8A%82%E2%85%A2
Keter情节Ⅳ,https://library-of-ruina.fandom.com/zh/wiki/Keter%E6%83%85%E8%8A%82%E2%85%A3
Keter情节Ⅴ,https://library-of-ruina.fandom.com/zh/wiki/Keter%E6%83%85%E8%8A%82%E2%85%A4
小剧场1,https://library-of-ruina.fandom.com/zh/wiki/%E5%B0%8F%E5%89%A7%E5%9C%BA1
小剧场2,https://library-of-ruina.fandom.com/zh/wiki/%E5%B0%8F%E5%89%A7%E5%9C%BA2
小剧场3,https://library-of-ruina.fandom.com/zh/wiki/%E5%B0%8F%E5%89%A7%E5%9C%BA3
小剧场4,https://library-of-ruina.fandom.com/zh/wiki/%E5%B0%8F%E5%89%A7%E5%9C%BA4
小剧场5,https://library-of-ruina.fandom.com/zh/wiki/%E5%B0%8F%E5%89%A7%E5%9C%BA5
小剧场6,https://library-of-ruina.fandom.com/zh/wiki/%E5%B0%8F%E5%89%A7%E5%9C%BA6
小剧场7,https://library-of-ruina.fandom.com/zh/wiki/%E5%B0%8F%E5%89%A7%E5%9C%BA7
小剧场8,https://library-of-ruina.fandom.com/zh/wiki/%E5%B0%8F%E5%89%A7%E5%9C%BA8
小剧场9,https://library-of-ruina.fandom.com/zh/wiki/%E5%B0%8F%E5%89%A7%E5%9C%BA9
